INSERT INTO alunos (id_aluno, nome, cpf) VALUES (1, 'Vitor da Costa', '86723901568');
INSERT INTO alunos (id_aluno, nome, cpf) VALUES (2, 'Emanuel Lopes', '30649512898');
INSERT INTO alunos (id_aluno, nome, cpf) VALUES (3, 'João Pedro Caldeira', '90183627512');
INSERT INTO alunos (id_aluno, nome, cpf) VALUES (4, 'Gabrielly Costela', '16354072906');
INSERT INTO alunos (id_aluno, nome, cpf) VALUES (5, 'Cauã Nunes', '57401928620');
INSERT INTO alunos (id_aluno, nome, cpf) VALUES (6, 'Cauê da Luz', '10879625449');
INSERT INTO alunos (id_aluno, nome, cpf) VALUES (7, 'João Felipe Duarte', '02389746187');
INSERT INTO alunos (id_aluno, nome, cpf) VALUES (8, 'Daniel Freitas', '51908376295');
INSERT INTO alunos (id_aluno, nome, cpf) VALUES (9, 'Evelyn Azevedo', '94602137822');
INSERT INTO alunos (id_aluno, nome, cpf) VALUES (10, 'Sra. Ana Luiza Santos', '90357846184');
INSERT INTO alunos (id_aluno, nome, cpf) VALUES (11, 'Isabelly Araújo', '05746938238');
INSERT INTO alunos (id_aluno, nome, cpf) VALUES (12, 'Ana Beatriz Gonçalves', '08654371226');
INSERT INTO alunos (id_aluno, nome, cpf) VALUES (13, 'Matheus Freitas', '83615972473');
INSERT INTO alunos (id_aluno, nome, cpf) VALUES (14, 'Vitor Gabriel Oliveira', '27064853965');
INSERT INTO alunos (id_aluno, nome, cpf) VALUES (15, 'Maria Clara Ramos', '71284059685');
INSERT INTO alunos (id_aluno, nome, cpf) VALUES (16, 'Caio Rezende', '14605793216');
INSERT INTO alunos (id_aluno, nome, cpf) VALUES (17, 'Srta. Maria Alice Almeida', '42806917387');
INSERT INTO alunos (id_aluno, nome, cpf) VALUES (18, 'Carlos Eduardo Melo', '07935421625');
INSERT INTO alunos (id_aluno, nome, cpf) VALUES (19, 'Alexandre Lopes', '13460295805');
INSERT INTO alunos (id_aluno, nome, cpf) VALUES (20, 'Dr. Lucca Dias', '12308765453');
INSERT INTO alunos (id_aluno, nome, cpf) VALUES (21, 'Cauã Fogaça', '95201736840');
INSERT INTO alunos (id_aluno, nome, cpf) VALUES (22, 'Melissa Teixeira', '95712038668');
INSERT INTO alunos (id_aluno, nome, cpf) VALUES (23, 'Dr. Caio Freitas', '96503812442');
INSERT INTO alunos (id_aluno, nome, cpf) VALUES (24, 'Srta. Isabelly Ferreira', '70658341901');
INSERT INTO alunos (id_aluno, nome, cpf) VALUES (25, 'Ana Laura Fernandes', '24359876092');
INSERT INTO alunos (id_aluno, nome, cpf) VALUES (26, 'Carolina Cardoso', '86974205392');
INSERT INTO alunos (id_aluno, nome, cpf) VALUES (27, 'Esther Fogaça', '42837196096');
INSERT INTO alunos (id_aluno, nome, cpf) VALUES (28, 'Bryan Ribeiro', '82305196768');
INSERT INTO alunos (id_aluno, nome, cpf) VALUES (29, 'Catarina Barbosa', '61875493093');
INSERT INTO alunos (id_aluno, nome, cpf) VALUES (30, 'Davi Oliveira', '36149052842');
INSERT INTO alunos (id_aluno, nome, cpf) VALUES (31, 'Enzo da Cunha', '47813950666');
INSERT INTO alunos (id_aluno, nome, cpf) VALUES (32, 'Dr. Henrique Aragão', '05342986729');
INSERT INTO alunos (id_aluno, nome, cpf) VALUES (33, 'Luiza Pereira', '20486357929');
INSERT INTO alunos (id_aluno, nome, cpf) VALUES (34, 'Clara Souza', '96187405366');
INSERT INTO alunos (id_aluno, nome, cpf) VALUES (35, 'Srta. Nina Cardoso', '67093521886');
INSERT INTO alunos (id_aluno, nome, cpf) VALUES (36, 'Bianca Costela', '09483621542');
INSERT INTO alunos (id_aluno, nome, cpf) VALUES (37, 'Sr. Carlos Eduardo Alves', '89201476558');
INSERT INTO alunos (id_aluno, nome, cpf) VALUES (38, 'Maria Alice Duarte', '90537246134');
INSERT INTO alunos (id_aluno, nome, cpf) VALUES (39, 'Sabrina da Mota', '69581072411');
INSERT INTO alunos (id_aluno, nome, cpf) VALUES (40, 'Luna das Neves', '50348697210');
INSERT INTO alunos (id_aluno, nome, cpf) VALUES (41, 'Luiz Felipe Nascimento', '29305184723');
INSERT INTO alunos (id_aluno, nome, cpf) VALUES (42, 'André Castro', '87492650167');
INSERT INTO alunos (id_aluno, nome, cpf) VALUES (43, 'Thales Souza', '52497638128');
INSERT INTO alunos (id_aluno, nome, cpf) VALUES (44, 'Agatha Silveira', '20637895410');
INSERT INTO alunos (id_aluno, nome, cpf) VALUES (45, 'Diego Costela', '87240631931');
INSERT INTO alunos (id_aluno, nome, cpf) VALUES (46, 'Alícia Melo', '92187306496');
INSERT INTO alunos (id_aluno, nome, cpf) VALUES (47, 'André Pires', '46178295391');
INSERT INTO alunos (id_aluno, nome, cpf) VALUES (48, 'Marcela Rodrigues', '37941526891');
INSERT INTO alunos (id_aluno, nome, cpf) VALUES (49, 'Sr. Miguel Mendes', '47651829085');
INSERT INTO alunos (id_aluno, nome, cpf) VALUES (50, 'Maria Cecília Alves', '50486312771');
INSERT INTO cursos (id_curso, nome) VALUES (1, 'Banco de Dados');
INSERT INTO cursos (id_curso, nome) VALUES (2, 'Desenvolvimento Web');
INSERT INTO cursos (id_curso, nome) VALUES (3, 'Análise de Dados');
INSERT INTO cursos (id_curso, nome) VALUES (4, 'Redes de Computadores');
INSERT INTO cursos (id_curso, nome) VALUES (5, 'Segurança da Informação');
INSERT INTO professores (id_professor, nome) VALUES (1, 'Enzo da Rosa');
INSERT INTO professores (id_professor, nome) VALUES (2, 'Cauã Gomes');
INSERT INTO professores (id_professor, nome) VALUES (3, 'Brenda Oliveira');
INSERT INTO professores (id_professor, nome) VALUES (4, 'Enzo Gabriel Almeida');
INSERT INTO professores (id_professor, nome) VALUES (5, 'Davi Lucas Melo');
INSERT INTO disciplinas (id_disciplina, nome, id_curso, id_professor) VALUES (1, 'SQL', 1, 1);
INSERT INTO disciplinas (id_disciplina, nome, id_curso, id_professor) VALUES (2, 'Administração de Banco de Dados', 1, 5);
INSERT INTO disciplinas (id_disciplina, nome, id_curso, id_professor) VALUES (3, 'HTML e CSS', 2, 2);
INSERT INTO disciplinas (id_disciplina, nome, id_curso, id_professor) VALUES (4, 'JavaScript', 2, 5);
INSERT INTO disciplinas (id_disciplina, nome, id_curso, id_professor) VALUES (5, 'Python para Dados', 3, 5);
INSERT INTO disciplinas (id_disciplina, nome, id_curso, id_professor) VALUES (6, 'Power BI', 3, 4);
INSERT INTO disciplinas (id_disciplina, nome, id_curso, id_professor) VALUES (7, 'Redes TCP/IP', 4, 2);
INSERT INTO disciplinas (id_disciplina, nome, id_curso, id_professor) VALUES (8, 'Firewall e Segurança', 5, 4);
INSERT INTO matriculas (id_matricula, id_aluno, id_curso) VALUES (1, 1, 1);
INSERT INTO matriculas (id_matricula, id_aluno, id_curso) VALUES (2, 2, 1);
INSERT INTO matriculas (id_matricula, id_aluno, id_curso) VALUES (3, 3, 5);
INSERT INTO matriculas (id_matricula, id_aluno, id_curso) VALUES (4, 4, 1);
INSERT INTO matriculas (id_matricula, id_aluno, id_curso) VALUES (5, 5, 4);
INSERT INTO matriculas (id_matricula, id_aluno, id_curso) VALUES (6, 6, 1);
INSERT INTO matriculas (id_matricula, id_aluno, id_curso) VALUES (7, 7, 2);
INSERT INTO matriculas (id_matricula, id_aluno, id_curso) VALUES (8, 8, 5);
INSERT INTO matriculas (id_matricula, id_aluno, id_curso) VALUES (9, 9, 4);
INSERT INTO matriculas (id_matricula, id_aluno, id_curso) VALUES (10, 10, 4);
INSERT INTO matriculas (id_matricula, id_aluno, id_curso) VALUES (11, 11, 4);
INSERT INTO matriculas (id_matricula, id_aluno, id_curso) VALUES (12, 12, 5);
INSERT INTO matriculas (id_matricula, id_aluno, id_curso) VALUES (13, 13, 2);
INSERT INTO matriculas (id_matricula, id_aluno, id_curso) VALUES (14, 14, 3);
INSERT INTO matriculas (id_matricula, id_aluno, id_curso) VALUES (15, 15, 4);
INSERT INTO matriculas (id_matricula, id_aluno, id_curso) VALUES (16, 16, 4);
INSERT INTO matriculas (id_matricula, id_aluno, id_curso) VALUES (17, 17, 2);
INSERT INTO matriculas (id_matricula, id_aluno, id_curso) VALUES (18, 18, 1);
INSERT INTO matriculas (id_matricula, id_aluno, id_curso) VALUES (19, 19, 2);
INSERT INTO matriculas (id_matricula, id_aluno, id_curso) VALUES (20, 20, 5);
INSERT INTO matriculas (id_matricula, id_aluno, id_curso) VALUES (21, 21, 3);
INSERT INTO matriculas (id_matricula, id_aluno, id_curso) VALUES (22, 22, 3);
INSERT INTO matriculas (id_matricula, id_aluno, id_curso) VALUES (23, 23, 2);
INSERT INTO matriculas (id_matricula, id_aluno, id_curso) VALUES (24, 24, 2);
INSERT INTO matriculas (id_matricula, id_aluno, id_curso) VALUES (25, 25, 5);
INSERT INTO matriculas (id_matricula, id_aluno, id_curso) VALUES (26, 26, 3);
INSERT INTO matriculas (id_matricula, id_aluno, id_curso) VALUES (27, 27, 4);
INSERT INTO matriculas (id_matricula, id_aluno, id_curso) VALUES (28, 28, 1);
INSERT INTO matriculas (id_matricula, id_aluno, id_curso) VALUES (29, 29, 3);
INSERT INTO matriculas (id_matricula, id_aluno, id_curso) VALUES (30, 30, 1);
INSERT INTO matriculas (id_matricula, id_aluno, id_curso) VALUES (31, 31, 3);
INSERT INTO matriculas (id_matricula, id_aluno, id_curso) VALUES (32, 32, 2);
INSERT INTO matriculas (id_matricula, id_aluno, id_curso) VALUES (33, 33, 3);
INSERT INTO matriculas (id_matricula, id_aluno, id_curso) VALUES (34, 34, 3);
INSERT INTO matriculas (id_matricula, id_aluno, id_curso) VALUES (35, 35, 4);
INSERT INTO matriculas (id_matricula, id_aluno, id_curso) VALUES (36, 36, 5);
INSERT INTO matriculas (id_matricula, id_aluno, id_curso) VALUES (37, 37, 2);
INSERT INTO matriculas (id_matricula, id_aluno, id_curso) VALUES (38, 38, 4);
INSERT INTO matriculas (id_matricula, id_aluno, id_curso) VALUES (39, 39, 4);
INSERT INTO matriculas (id_matricula, id_aluno, id_curso) VALUES (40, 40, 4);
INSERT INTO matriculas (id_matricula, id_aluno, id_curso) VALUES (41, 41, 3);
INSERT INTO matriculas (id_matricula, id_aluno, id_curso) VALUES (42, 42, 2);
INSERT INTO matriculas (id_matricula, id_aluno, id_curso) VALUES (43, 43, 1);
INSERT INTO matriculas (id_matricula, id_aluno, id_curso) VALUES (44, 44, 5);
INSERT INTO matriculas (id_matricula, id_aluno, id_curso) VALUES (45, 45, 2);
INSERT INTO matriculas (id_matricula, id_aluno, id_curso) VALUES (46, 46, 1);
INSERT INTO matriculas (id_matricula, id_aluno, id_curso) VALUES (47, 47, 4);
INSERT INTO matriculas (id_matricula, id_aluno, id_curso) VALUES (48, 48, 4);
INSERT INTO matriculas (id_matricula, id_aluno, id_curso) VALUES (49, 49, 2);
INSERT INTO matriculas (id_matricula, id_aluno, id_curso) VALUES (50, 50, 3);
INSERT INTO notas (id_nota, id_aluno, id_disciplina, nota) VALUES (1, 1, 1, 8.91);
INSERT INTO notas (id_nota, id_aluno, id_disciplina, nota) VALUES (2, 1, 2, 9.73);
INSERT INTO notas (id_nota, id_aluno, id_disciplina, nota) VALUES (3, 1, 3, 6.74);
INSERT INTO notas (id_nota, id_aluno, id_disciplina, nota) VALUES (4, 1, 4, 6.04);
INSERT INTO notas (id_nota, id_aluno, id_disciplina, nota) VALUES (5, 1, 5, 7.85);
INSERT INTO notas (id_nota, id_aluno, id_disciplina, nota) VALUES (6, 1, 6, 7.19);
INSERT INTO notas (id_nota, id_aluno, id_disciplina, nota) VALUES (7, 1, 7, 4.6);
INSERT INTO notas (id_nota, id_aluno, id_disciplina, nota) VALUES (8, 1, 8, 8.17);
INSERT INTO notas (id_nota, id_aluno, id_disciplina, nota) VALUES (9, 2, 1, 4.87);
INSERT INTO notas (id_nota, id_aluno, id_disciplina, nota) VALUES (10, 2, 2, 5.49);
INSERT INTO notas (id_nota, id_aluno, id_disciplina, nota) VALUES (11, 2, 3, 5.05);
INSERT INTO notas (id_nota, id_aluno, id_disciplina, nota) VALUES (12, 2, 4, 7.48);
INSERT INTO notas (id_nota, id_aluno, id_disciplina, nota) VALUES (13, 2, 5, 8.52);
INSERT INTO notas (id_nota, id_aluno, id_disciplina, nota) VALUES (14, 2, 6, 6.8);
INSERT INTO notas (id_nota, id_aluno, id_disciplina, nota) VALUES (15, 2, 7, 8.86);
INSERT INTO notas (id_nota, id_aluno, id_disciplina, nota) VALUES (16, 2, 8, 8.19);
INSERT INTO notas (id_nota, id_aluno, id_disciplina, nota) VALUES (17, 3, 1, 9.78);
INSERT INTO notas (id_nota, id_aluno, id_disciplina, nota) VALUES (18, 3, 2, 7.57);
INSERT INTO notas (id_nota, id_aluno, id_disciplina, nota) VALUES (19, 3, 3, 6.16);
INSERT INTO notas (id_nota, id_aluno, id_disciplina, nota) VALUES (20, 3, 4, 7.86);
INSERT INTO notas (id_nota, id_aluno, id_disciplina, nota) VALUES (21, 3, 5, 5.0);
INSERT INTO notas (id_nota, id_aluno, id_disciplina, nota) VALUES (22, 3, 6, 5.24);
INSERT INTO notas (id_nota, id_aluno, id_disciplina, nota) VALUES (23, 3, 7, 5.95);
INSERT INTO notas (id_nota, id_aluno, id_disciplina, nota) VALUES (24, 3, 8, 6.23);
INSERT INTO notas (id_nota, id_aluno, id_disciplina, nota) VALUES (25, 4, 1, 6.92);
INSERT INTO notas (id_nota, id_aluno, id_disciplina, nota) VALUES (26, 4, 2, 4.22);
INSERT INTO notas (id_nota, id_aluno, id_disciplina, nota) VALUES (27, 4, 3, 4.32);
INSERT INTO notas (id_nota, id_aluno, id_disciplina, nota) VALUES (28, 4, 4, 8.53);
INSERT INTO notas (id_nota, id_aluno, id_disciplina, nota) VALUES (29, 4, 5, 8.84);
INSERT INTO notas (id_nota, id_aluno, id_disciplina, nota) VALUES (30, 4, 6, 5.9);
INSERT INTO notas (id_nota, id_aluno, id_disciplina, nota) VALUES (31, 4, 7, 9.7);
INSERT INTO notas (id_nota, id_aluno, id_disciplina, nota) VALUES (32, 4, 8, 8.6);
INSERT INTO notas (id_nota, id_aluno, id_disciplina, nota) VALUES (33, 5, 1, 9.28);
INSERT INTO notas (id_nota, id_aluno, id_disciplina, nota) VALUES (34, 5, 2, 9.23);
INSERT INTO notas (id_nota, id_aluno, id_disciplina, nota) VALUES (35, 5, 3, 6.87);
INSERT INTO notas (id_nota, id_aluno, id_disciplina, nota) VALUES (36, 5, 4, 6.83);
INSERT INTO notas (id_nota, id_aluno, id_disciplina, nota) VALUES (37, 5, 5, 8.46);
INSERT INTO notas (id_nota, id_aluno, id_disciplina, nota) VALUES (38, 5, 6, 8.48);
INSERT INTO notas (id_nota, id_aluno, id_disciplina, nota) VALUES (39, 5, 7, 9.8);
INSERT INTO notas (id_nota, id_aluno, id_disciplina, nota) VALUES (40, 5, 8, 9.14);
INSERT INTO notas (id_nota, id_aluno, id_disciplina, nota) VALUES (41, 6, 1, 8.66);
INSERT INTO notas (id_nota, id_aluno, id_disciplina, nota) VALUES (42, 6, 2, 5.68);
INSERT INTO notas (id_nota, id_aluno, id_disciplina, nota) VALUES (43, 6, 3, 4.65);
INSERT INTO notas (id_nota, id_aluno, id_disciplina, nota) VALUES (44, 6, 4, 8.49);
INSERT INTO notas (id_nota, id_aluno, id_disciplina, nota) VALUES (45, 6, 5, 7.05);
INSERT INTO notas (id_nota, id_aluno, id_disciplina, nota) VALUES (46, 6, 6, 4.01);
INSERT INTO notas (id_nota, id_aluno, id_disciplina, nota) VALUES (47, 6, 7, 6.57);
INSERT INTO notas (id_nota, id_aluno, id_disciplina, nota) VALUES (48, 6, 8, 8.71);
INSERT INTO notas (id_nota, id_aluno, id_disciplina, nota) VALUES (49, 7, 1, 4.65);
INSERT INTO notas (id_nota, id_aluno, id_disciplina, nota) VALUES (50, 7, 2, 5.31);
INSERT INTO notas (id_nota, id_aluno, id_disciplina, nota) VALUES (51, 7, 3, 8.94);
INSERT INTO notas (id_nota, id_aluno, id_disciplina, nota) VALUES (52, 7, 4, 6.76);
INSERT INTO notas (id_nota, id_aluno, id_disciplina, nota) VALUES (53, 7, 5, 4.71);
INSERT INTO notas (id_nota, id_aluno, id_disciplina, nota) VALUES (54, 7, 6, 7.91);
INSERT INTO notas (id_nota, id_aluno, id_disciplina, nota) VALUES (55, 7, 7, 8.33);
INSERT INTO notas (id_nota, id_aluno, id_disciplina, nota) VALUES (56, 7, 8, 8.34);
INSERT INTO notas (id_nota, id_aluno, id_disciplina, nota) VALUES (57, 8, 1, 7.09);
INSERT INTO notas (id_nota, id_aluno, id_disciplina, nota) VALUES (58, 8, 2, 6.9);
INSERT INTO notas (id_nota, id_aluno, id_disciplina, nota) VALUES (59, 8, 3, 7.36);
INSERT INTO notas (id_nota, id_aluno, id_disciplina, nota) VALUES (60, 8, 4, 9.6);
INSERT INTO notas (id_nota, id_aluno, id_disciplina, nota) VALUES (61, 8, 5, 6.79);
INSERT INTO notas (id_nota, id_aluno, id_disciplina, nota) VALUES (62, 8, 6, 5.47);
INSERT INTO notas (id_nota, id_aluno, id_disciplina, nota) VALUES (63, 8, 7, 5.58);
INSERT INTO notas (id_nota, id_aluno, id_disciplina, nota) VALUES (64, 8, 8, 9.31);
INSERT INTO notas (id_nota, id_aluno, id_disciplina, nota) VALUES (65, 9, 1, 7.94);
INSERT INTO notas (id_nota, id_aluno, id_disciplina, nota) VALUES (66, 9, 2, 4.08);
INSERT INTO notas (id_nota, id_aluno, id_disciplina, nota) VALUES (67, 9, 3, 4.34);
INSERT INTO notas (id_nota, id_aluno, id_disciplina, nota) VALUES (68, 9, 4, 7.08);
INSERT INTO notas (id_nota, id_aluno, id_disciplina, nota) VALUES (69, 9, 5, 4.26);
INSERT INTO notas (id_nota, id_aluno, id_disciplina, nota) VALUES (70, 9, 6, 6.82);
INSERT INTO notas (id_nota, id_aluno, id_disciplina, nota) VALUES (71, 9, 7, 9.84);
INSERT INTO notas (id_nota, id_aluno, id_disciplina, nota) VALUES (72, 9, 8, 7.72);
INSERT INTO notas (id_nota, id_aluno, id_disciplina, nota) VALUES (73, 10, 1, 4.03);
INSERT INTO notas (id_nota, id_aluno, id_disciplina, nota) VALUES (74, 10, 2, 7.11);
INSERT INTO notas (id_nota, id_aluno, id_disciplina, nota) VALUES (75, 10, 3, 6.85);
INSERT INTO notas (id_nota, id_aluno, id_disciplina, nota) VALUES (76, 10, 4, 5.32);
INSERT INTO notas (id_nota, id_aluno, id_disciplina, nota) VALUES (77, 10, 5, 7.65);
INSERT INTO notas (id_nota, id_aluno, id_disciplina, nota) VALUES (78, 10, 6, 9.86);
INSERT INTO notas (id_nota, id_aluno, id_disciplina, nota) VALUES (79, 10, 7, 7.91);
INSERT INTO notas (id_nota, id_aluno, id_disciplina, nota) VALUES (80, 10, 8, 4.03);
INSERT INTO notas (id_nota, id_aluno, id_disciplina, nota) VALUES (81, 11, 1, 6.25);
INSERT INTO notas (id_nota, id_aluno, id_disciplina, nota) VALUES (82, 11, 2, 4.52);
INSERT INTO notas (id_nota, id_aluno, id_disciplina, nota) VALUES (83, 11, 3, 4.84);
INSERT INTO notas (id_nota, id_aluno, id_disciplina, nota) VALUES (84, 11, 4, 9.86);
INSERT INTO notas (id_nota, id_aluno, id_disciplina, nota) VALUES (85, 11, 5, 4.8);
INSERT INTO notas (id_nota, id_aluno, id_disciplina, nota) VALUES (86, 11, 6, 5.65);
INSERT INTO notas (id_nota, id_aluno, id_disciplina, nota) VALUES (87, 11, 7, 8.62);
INSERT INTO notas (id_nota, id_aluno, id_disciplina, nota) VALUES (88, 11, 8, 5.26);
INSERT INTO notas (id_nota, id_aluno, id_disciplina, nota) VALUES (89, 12, 1, 8.82);
INSERT INTO notas (id_nota, id_aluno, id_disciplina, nota) VALUES (90, 12, 2, 4.2);
INSERT INTO notas (id_nota, id_aluno, id_disciplina, nota) VALUES (91, 12, 3, 6.84);
INSERT INTO notas (id_nota, id_aluno, id_disciplina, nota) VALUES (92, 12, 4, 9.84);
INSERT INTO notas (id_nota, id_aluno, id_disciplina, nota) VALUES (93, 12, 5, 4.7);
INSERT INTO notas (id_nota, id_aluno, id_disciplina, nota) VALUES (94, 12, 6, 7.3);
INSERT INTO notas (id_nota, id_aluno, id_disciplina, nota) VALUES (95, 12, 7, 6.46);
INSERT INTO notas (id_nota, id_aluno, id_disciplina, nota) VALUES (96, 12, 8, 8.79);
INSERT INTO notas (id_nota, id_aluno, id_disciplina, nota) VALUES (97, 13, 1, 7.5);
INSERT INTO notas (id_nota, id_aluno, id_disciplina, nota) VALUES (98, 13, 2, 5.11);
INSERT INTO notas (id_nota, id_aluno, id_disciplina, nota) VALUES (99, 13, 3, 8.43);
INSERT INTO notas (id_nota, id_aluno, id_disciplina, nota) VALUES (100, 13, 4, 6.09);
INSERT INTO notas (id_nota, id_aluno, id_disciplina, nota) VALUES (101, 13, 5, 6.44);
INSERT INTO notas (id_nota, id_aluno, id_disciplina, nota) VALUES (102, 13, 6, 4.75);
INSERT INTO notas (id_nota, id_aluno, id_disciplina, nota) VALUES (103, 13, 7, 7.48);
INSERT INTO notas (id_nota, id_aluno, id_disciplina, nota) VALUES (104, 13, 8, 7.53);
INSERT INTO notas (id_nota, id_aluno, id_disciplina, nota) VALUES (105, 14, 1, 7.61);
INSERT INTO notas (id_nota, id_aluno, id_disciplina, nota) VALUES (106, 14, 2, 6.94);
INSERT INTO notas (id_nota, id_aluno, id_disciplina, nota) VALUES (107, 14, 3, 7.0);
INSERT INTO notas (id_nota, id_aluno, id_disciplina, nota) VALUES (108, 14, 4, 9.77);
INSERT INTO notas (id_nota, id_aluno, id_disciplina, nota) VALUES (109, 14, 5, 4.59);
INSERT INTO notas (id_nota, id_aluno, id_disciplina, nota) VALUES (110, 14, 6, 6.12);
INSERT INTO notas (id_nota, id_aluno, id_disciplina, nota) VALUES (111, 14, 7, 6.86);
INSERT INTO notas (id_nota, id_aluno, id_disciplina, nota) VALUES (112, 14, 8, 8.92);
INSERT INTO notas (id_nota, id_aluno, id_disciplina, nota) VALUES (113, 15, 1, 8.57);
INSERT INTO notas (id_nota, id_aluno, id_disciplina, nota) VALUES (114, 15, 2, 5.23);
INSERT INTO notas (id_nota, id_aluno, id_disciplina, nota) VALUES (115, 15, 3, 9.45);
INSERT INTO notas (id_nota, id_aluno, id_disciplina, nota) VALUES (116, 15, 4, 7.01);
INSERT INTO notas (id_nota, id_aluno, id_disciplina, nota) VALUES (117, 15, 5, 9.01);
INSERT INTO notas (id_nota, id_aluno, id_disciplina, nota) VALUES (118, 15, 6, 9.55);
INSERT INTO notas (id_nota, id_aluno, id_disciplina, nota) VALUES (119, 15, 7, 5.4);
INSERT INTO notas (id_nota, id_aluno, id_disciplina, nota) VALUES (120, 15, 8, 9.29);
INSERT INTO notas (id_nota, id_aluno, id_disciplina, nota) VALUES (121, 16, 1, 6.41);
INSERT INTO notas (id_nota, id_aluno, id_disciplina, nota) VALUES (122, 16, 2, 4.93);
INSERT INTO notas (id_nota, id_aluno, id_disciplina, nota) VALUES (123, 16, 3, 4.94);
INSERT INTO notas (id_nota, id_aluno, id_disciplina, nota) VALUES (124, 16, 4, 4.77);
INSERT INTO notas (id_nota, id_aluno, id_disciplina, nota) VALUES (125, 16, 5, 9.95);
INSERT INTO notas (id_nota, id_aluno, id_disciplina, nota) VALUES (126, 16, 6, 6.44);
INSERT INTO notas (id_nota, id_aluno, id_disciplina, nota) VALUES (127, 16, 7, 5.21);
INSERT INTO notas (id_nota, id_aluno, id_disciplina, nota) VALUES (128, 16, 8, 9.93);
INSERT INTO notas (id_nota, id_aluno, id_disciplina, nota) VALUES (129, 17, 1, 5.37);
INSERT INTO notas (id_nota, id_aluno, id_disciplina, nota) VALUES (130, 17, 2, 9.57);
INSERT INTO notas (id_nota, id_aluno, id_disciplina, nota) VALUES (131, 17, 3, 8.04);
INSERT INTO notas (id_nota, id_aluno, id_disciplina, nota) VALUES (132, 17, 4, 7.24);
INSERT INTO notas (id_nota, id_aluno, id_disciplina, nota) VALUES (133, 17, 5, 4.12);
INSERT INTO notas (id_nota, id_aluno, id_disciplina, nota) VALUES (134, 17, 6, 4.83);
INSERT INTO notas (id_nota, id_aluno, id_disciplina, nota) VALUES (135, 17, 7, 7.63);
INSERT INTO notas (id_nota, id_aluno, id_disciplina, nota) VALUES (136, 17, 8, 5.98);
INSERT INTO notas (id_nota, id_aluno, id_disciplina, nota) VALUES (137, 18, 1, 7.21);
INSERT INTO notas (id_nota, id_aluno, id_disciplina, nota) VALUES (138, 18, 2, 4.91);
INSERT INTO notas (id_nota, id_aluno, id_disciplina, nota) VALUES (139, 18, 3, 5.5);
INSERT INTO notas (id_nota, id_aluno, id_disciplina, nota) VALUES (140, 18, 4, 4.07);
INSERT INTO notas (id_nota, id_aluno, id_disciplina, nota) VALUES (141, 18, 5, 5.15);
INSERT INTO notas (id_nota, id_aluno, id_disciplina, nota) VALUES (142, 18, 6, 6.92);
INSERT INTO notas (id_nota, id_aluno, id_disciplina, nota) VALUES (143, 18, 7, 8.59);
INSERT INTO notas (id_nota, id_aluno, id_disciplina, nota) VALUES (144, 18, 8, 4.05);
INSERT INTO notas (id_nota, id_aluno, id_disciplina, nota) VALUES (145, 19, 1, 8.15);
INSERT INTO notas (id_nota, id_aluno, id_disciplina, nota) VALUES (146, 19, 2, 4.91);
INSERT INTO notas (id_nota, id_aluno, id_disciplina, nota) VALUES (147, 19, 3, 9.78);
INSERT INTO notas (id_nota, id_aluno, id_disciplina, nota) VALUES (148, 19, 4, 8.91);
INSERT INTO notas (id_nota, id_aluno, id_disciplina, nota) VALUES (149, 19, 5, 6.6);
INSERT INTO notas (id_nota, id_aluno, id_disciplina, nota) VALUES (150, 19, 6, 4.33);
INSERT INTO notas (id_nota, id_aluno, id_disciplina, nota) VALUES (151, 19, 7, 6.03);
INSERT INTO notas (id_nota, id_aluno, id_disciplina, nota) VALUES (152, 19, 8, 7.58);
INSERT INTO notas (id_nota, id_aluno, id_disciplina, nota) VALUES (153, 20, 1, 6.49);
INSERT INTO notas (id_nota, id_aluno, id_disciplina, nota) VALUES (154, 20, 2, 4.84);
INSERT INTO notas (id_nota, id_aluno, id_disciplina, nota) VALUES (155, 20, 3, 7.48);
INSERT INTO notas (id_nota, id_aluno, id_disciplina, nota) VALUES (156, 20, 4, 8.67);
INSERT INTO notas (id_nota, id_aluno, id_disciplina, nota) VALUES (157, 20, 5, 9.13);
INSERT INTO notas (id_nota, id_aluno, id_disciplina, nota) VALUES (158, 20, 6, 8.68);
INSERT INTO notas (id_nota, id_aluno, id_disciplina, nota) VALUES (159, 20, 7, 4.72);
INSERT INTO notas (id_nota, id_aluno, id_disciplina, nota) VALUES (160, 20, 8, 7.16);
INSERT INTO notas (id_nota, id_aluno, id_disciplina, nota) VALUES (161, 21, 1, 7.32);
INSERT INTO notas (id_nota, id_aluno, id_disciplina, nota) VALUES (162, 21, 2, 8.53);
INSERT INTO notas (id_nota, id_aluno, id_disciplina, nota) VALUES (163, 21, 3, 5.52);
INSERT INTO notas (id_nota, id_aluno, id_disciplina, nota) VALUES (164, 21, 4, 6.01);
INSERT INTO notas (id_nota, id_aluno, id_disciplina, nota) VALUES (165, 21, 5, 7.41);
INSERT INTO notas (id_nota, id_aluno, id_disciplina, nota) VALUES (166, 21, 6, 4.2);
INSERT INTO notas (id_nota, id_aluno, id_disciplina, nota) VALUES (167, 21, 7, 6.05);
INSERT INTO notas (id_nota, id_aluno, id_disciplina, nota) VALUES (168, 21, 8, 9.45);
INSERT INTO notas (id_nota, id_aluno, id_disciplina, nota) VALUES (169, 22, 1, 8.62);
INSERT INTO notas (id_nota, id_aluno, id_disciplina, nota) VALUES (170, 22, 2, 5.44);
INSERT INTO notas (id_nota, id_aluno, id_disciplina, nota) VALUES (171, 22, 3, 4.22);
INSERT INTO notas (id_nota, id_aluno, id_disciplina, nota) VALUES (172, 22, 4, 4.09);
INSERT INTO notas (id_nota, id_aluno, id_disciplina, nota) VALUES (173, 22, 5, 5.7);
INSERT INTO notas (id_nota, id_aluno, id_disciplina, nota) VALUES (174, 22, 6, 5.25);
INSERT INTO notas (id_nota, id_aluno, id_disciplina, nota) VALUES (175, 22, 7, 5.02);
INSERT INTO notas (id_nota, id_aluno, id_disciplina, nota) VALUES (176, 22, 8, 9.15);
INSERT INTO notas (id_nota, id_aluno, id_disciplina, nota) VALUES (177, 23, 1, 4.57);
INSERT INTO notas (id_nota, id_aluno, id_disciplina, nota) VALUES (178, 23, 2, 6.31);
INSERT INTO notas (id_nota, id_aluno, id_disciplina, nota) VALUES (179, 23, 3, 7.5);
INSERT INTO notas (id_nota, id_aluno, id_disciplina, nota) VALUES (180, 23, 4, 5.09);
INSERT INTO notas (id_nota, id_aluno, id_disciplina, nota) VALUES (181, 23, 5, 4.9);
INSERT INTO notas (id_nota, id_aluno, id_disciplina, nota) VALUES (182, 23, 6, 6.48);
INSERT INTO notas (id_nota, id_aluno, id_disciplina, nota) VALUES (183, 23, 7, 7.95);
INSERT INTO notas (id_nota, id_aluno, id_disciplina, nota) VALUES (184, 23, 8, 8.53);
INSERT INTO notas (id_nota, id_aluno, id_disciplina, nota) VALUES (185, 24, 1, 6.94);
INSERT INTO notas (id_nota, id_aluno, id_disciplina, nota) VALUES (186, 24, 2, 5.14);
INSERT INTO notas (id_nota, id_aluno, id_disciplina, nota) VALUES (187, 24, 3, 5.49);
INSERT INTO notas (id_nota, id_aluno, id_disciplina, nota) VALUES (188, 24, 4, 7.17);
INSERT INTO notas (id_nota, id_aluno, id_disciplina, nota) VALUES (189, 24, 5, 9.22);
INSERT INTO notas (id_nota, id_aluno, id_disciplina, nota) VALUES (190, 24, 6, 8.06);
INSERT INTO notas (id_nota, id_aluno, id_disciplina, nota) VALUES (191, 24, 7, 6.68);
INSERT INTO notas (id_nota, id_aluno, id_disciplina, nota) VALUES (192, 24, 8, 4.37);
INSERT INTO notas (id_nota, id_aluno, id_disciplina, nota) VALUES (193, 25, 1, 5.64);
INSERT INTO notas (id_nota, id_aluno, id_disciplina, nota) VALUES (194, 25, 2, 6.39);
INSERT INTO notas (id_nota, id_aluno, id_disciplina, nota) VALUES (195, 25, 3, 7.55);
INSERT INTO notas (id_nota, id_aluno, id_disciplina, nota) VALUES (196, 25, 4, 9.47);
INSERT INTO notas (id_nota, id_aluno, id_disciplina, nota) VALUES (197, 25, 5, 8.06);
INSERT INTO notas (id_nota, id_aluno, id_disciplina, nota) VALUES (198, 25, 6, 5.87);
INSERT INTO notas (id_nota, id_aluno, id_disciplina, nota) VALUES (199, 25, 7, 5.52);
INSERT INTO notas (id_nota, id_aluno, id_disciplina, nota) VALUES (200, 25, 8, 4.97);
INSERT INTO notas (id_nota, id_aluno, id_disciplina, nota) VALUES (201, 26, 1, 6.88);
INSERT INTO notas (id_nota, id_aluno, id_disciplina, nota) VALUES (202, 26, 2, 7.17);
INSERT INTO notas (id_nota, id_aluno, id_disciplina, nota) VALUES (203, 26, 3, 6.87);
INSERT INTO notas (id_nota, id_aluno, id_disciplina, nota) VALUES (204, 26, 4, 4.48);
INSERT INTO notas (id_nota, id_aluno, id_disciplina, nota) VALUES (205, 26, 5, 9.73);
INSERT INTO notas (id_nota, id_aluno, id_disciplina, nota) VALUES (206, 26, 6, 4.41);
INSERT INTO notas (id_nota, id_aluno, id_disciplina, nota) VALUES (207, 26, 7, 6.82);
INSERT INTO notas (id_nota, id_aluno, id_disciplina, nota) VALUES (208, 26, 8, 9.37);
INSERT INTO notas (id_nota, id_aluno, id_disciplina, nota) VALUES (209, 27, 1, 5.4);
INSERT INTO notas (id_nota, id_aluno, id_disciplina, nota) VALUES (210, 27, 2, 6.41);
INSERT INTO notas (id_nota, id_aluno, id_disciplina, nota) VALUES (211, 27, 3, 9.26);
INSERT INTO notas (id_nota, id_aluno, id_disciplina, nota) VALUES (212, 27, 4, 8.42);
INSERT INTO notas (id_nota, id_aluno, id_disciplina, nota) VALUES (213, 27, 5, 4.08);
INSERT INTO notas (id_nota, id_aluno, id_disciplina, nota) VALUES (214, 27, 6, 4.55);
INSERT INTO notas (id_nota, id_aluno, id_disciplina, nota) VALUES (215, 27, 7, 7.29);
INSERT INTO notas (id_nota, id_aluno, id_disciplina, nota) VALUES (216, 27, 8, 7.5);
INSERT INTO notas (id_nota, id_aluno, id_disciplina, nota) VALUES (217, 28, 1, 6.31);
INSERT INTO notas (id_nota, id_aluno, id_disciplina, nota) VALUES (218, 28, 2, 4.27);
INSERT INTO notas (id_nota, id_aluno, id_disciplina, nota) VALUES (219, 28, 3, 6.82);
INSERT INTO notas (id_nota, id_aluno, id_disciplina, nota) VALUES (220, 28, 4, 9.86);
INSERT INTO notas (id_nota, id_aluno, id_disciplina, nota) VALUES (221, 28, 5, 4.75);
INSERT INTO notas (id_nota, id_aluno, id_disciplina, nota) VALUES (222, 28, 6, 8.1);
INSERT INTO notas (id_nota, id_aluno, id_disciplina, nota) VALUES (223, 28, 7, 9.48);
INSERT INTO notas (id_nota, id_aluno, id_disciplina, nota) VALUES (224, 28, 8, 9.17);
INSERT INTO notas (id_nota, id_aluno, id_disciplina, nota) VALUES (225, 29, 1, 7.47);
INSERT INTO notas (id_nota, id_aluno, id_disciplina, nota) VALUES (226, 29, 2, 5.69);
INSERT INTO notas (id_nota, id_aluno, id_disciplina, nota) VALUES (227, 29, 3, 5.77);
INSERT INTO notas (id_nota, id_aluno, id_disciplina, nota) VALUES (228, 29, 4, 9.87);
INSERT INTO notas (id_nota, id_aluno, id_disciplina, nota) VALUES (229, 29, 5, 7.86);
INSERT INTO notas (id_nota, id_aluno, id_disciplina, nota) VALUES (230, 29, 6, 8.13);
INSERT INTO notas (id_nota, id_aluno, id_disciplina, nota) VALUES (231, 29, 7, 9.36);
INSERT INTO notas (id_nota, id_aluno, id_disciplina, nota) VALUES (232, 29, 8, 9.45);
INSERT INTO notas (id_nota, id_aluno, id_disciplina, nota) VALUES (233, 30, 1, 6.83);
INSERT INTO notas (id_nota, id_aluno, id_disciplina, nota) VALUES (234, 30, 2, 4.62);
INSERT INTO notas (id_nota, id_aluno, id_disciplina, nota) VALUES (235, 30, 3, 8.81);
INSERT INTO notas (id_nota, id_aluno, id_disciplina, nota) VALUES (236, 30, 4, 9.58);
INSERT INTO notas (id_nota, id_aluno, id_disciplina, nota) VALUES (237, 30, 5, 4.26);
INSERT INTO notas (id_nota, id_aluno, id_disciplina, nota) VALUES (238, 30, 6, 6.48);
INSERT INTO notas (id_nota, id_aluno, id_disciplina, nota) VALUES (239, 30, 7, 4.5);
INSERT INTO notas (id_nota, id_aluno, id_disciplina, nota) VALUES (240, 30, 8, 9.04);
INSERT INTO notas (id_nota, id_aluno, id_disciplina, nota) VALUES (241, 31, 1, 7.42);
INSERT INTO notas (id_nota, id_aluno, id_disciplina, nota) VALUES (242, 31, 2, 9.79);
INSERT INTO notas (id_nota, id_aluno, id_disciplina, nota) VALUES (243, 31, 3, 4.39);
INSERT INTO notas (id_nota, id_aluno, id_disciplina, nota) VALUES (244, 31, 4, 8.99);
INSERT INTO notas (id_nota, id_aluno, id_disciplina, nota) VALUES (245, 31, 5, 5.26);
INSERT INTO notas (id_nota, id_aluno, id_disciplina, nota) VALUES (246, 31, 6, 7.08);
INSERT INTO notas (id_nota, id_aluno, id_disciplina, nota) VALUES (247, 31, 7, 5.63);
INSERT INTO notas (id_nota, id_aluno, id_disciplina, nota) VALUES (248, 31, 8, 5.15);
INSERT INTO notas (id_nota, id_aluno, id_disciplina, nota) VALUES (249, 32, 1, 6.63);
INSERT INTO notas (id_nota, id_aluno, id_disciplina, nota) VALUES (250, 32, 2, 9.31);
INSERT INTO notas (id_nota, id_aluno, id_disciplina, nota) VALUES (251, 32, 3, 7.24);
INSERT INTO notas (id_nota, id_aluno, id_disciplina, nota) VALUES (252, 32, 4, 4.01);
INSERT INTO notas (id_nota, id_aluno, id_disciplina, nota) VALUES (253, 32, 5, 8.61);
INSERT INTO notas (id_nota, id_aluno, id_disciplina, nota) VALUES (254, 32, 6, 8.18);
INSERT INTO notas (id_nota, id_aluno, id_disciplina, nota) VALUES (255, 32, 7, 8.37);
INSERT INTO notas (id_nota, id_aluno, id_disciplina, nota) VALUES (256, 32, 8, 8.37);
INSERT INTO notas (id_nota, id_aluno, id_disciplina, nota) VALUES (257, 33, 1, 7.84);
INSERT INTO notas (id_nota, id_aluno, id_disciplina, nota) VALUES (258, 33, 2, 9.24);
INSERT INTO notas (id_nota, id_aluno, id_disciplina, nota) VALUES (259, 33, 3, 5.44);
INSERT INTO notas (id_nota, id_aluno, id_disciplina, nota) VALUES (260, 33, 4, 9.25);
INSERT INTO notas (id_nota, id_aluno, id_disciplina, nota) VALUES (261, 33, 5, 8.97);
INSERT INTO notas (id_nota, id_aluno, id_disciplina, nota) VALUES (262, 33, 6, 9.79);
INSERT INTO notas (id_nota, id_aluno, id_disciplina, nota) VALUES (263, 33, 7, 6.19);
INSERT INTO notas (id_nota, id_aluno, id_disciplina, nota) VALUES (264, 33, 8, 4.33);
INSERT INTO notas (id_nota, id_aluno, id_disciplina, nota) VALUES (265, 34, 1, 5.44);
INSERT INTO notas (id_nota, id_aluno, id_disciplina, nota) VALUES (266, 34, 2, 8.32);
INSERT INTO notas (id_nota, id_aluno, id_disciplina, nota) VALUES (267, 34, 3, 8.87);
INSERT INTO notas (id_nota, id_aluno, id_disciplina, nota) VALUES (268, 34, 4, 9.75);
INSERT INTO notas (id_nota, id_aluno, id_disciplina, nota) VALUES (269, 34, 5, 6.68);
INSERT INTO notas (id_nota, id_aluno, id_disciplina, nota) VALUES (270, 34, 6, 6.44);
INSERT INTO notas (id_nota, id_aluno, id_disciplina, nota) VALUES (271, 34, 7, 9.18);
INSERT INTO notas (id_nota, id_aluno, id_disciplina, nota) VALUES (272, 34, 8, 7.14);
INSERT INTO notas (id_nota, id_aluno, id_disciplina, nota) VALUES (273, 35, 1, 7.66);
INSERT INTO notas (id_nota, id_aluno, id_disciplina, nota) VALUES (274, 35, 2, 9.29);
INSERT INTO notas (id_nota, id_aluno, id_disciplina, nota) VALUES (275, 35, 3, 6.11);
INSERT INTO notas (id_nota, id_aluno, id_disciplina, nota) VALUES (276, 35, 4, 8.65);
INSERT INTO notas (id_nota, id_aluno, id_disciplina, nota) VALUES (277, 35, 5, 4.89);
INSERT INTO notas (id_nota, id_aluno, id_disciplina, nota) VALUES (278, 35, 6, 5.69);
INSERT INTO notas (id_nota, id_aluno, id_disciplina, nota) VALUES (279, 35, 7, 5.44);
INSERT INTO notas (id_nota, id_aluno, id_disciplina, nota) VALUES (280, 35, 8, 5.42);
INSERT INTO notas (id_nota, id_aluno, id_disciplina, nota) VALUES (281, 36, 1, 4.34);
INSERT INTO notas (id_nota, id_aluno, id_disciplina, nota) VALUES (282, 36, 2, 6.46);
INSERT INTO notas (id_nota, id_aluno, id_disciplina, nota) VALUES (283, 36, 3, 4.74);
INSERT INTO notas (id_nota, id_aluno, id_disciplina, nota) VALUES (284, 36, 4, 7.61);
INSERT INTO notas (id_nota, id_aluno, id_disciplina, nota) VALUES (285, 36, 5, 5.34);
INSERT INTO notas (id_nota, id_aluno, id_disciplina, nota) VALUES (286, 36, 6, 4.28);
INSERT INTO notas (id_nota, id_aluno, id_disciplina, nota) VALUES (287, 36, 7, 6.04);
INSERT INTO notas (id_nota, id_aluno, id_disciplina, nota) VALUES (288, 36, 8, 5.66);
INSERT INTO notas (id_nota, id_aluno, id_disciplina, nota) VALUES (289, 37, 1, 5.84);
INSERT INTO notas (id_nota, id_aluno, id_disciplina, nota) VALUES (290, 37, 2, 7.78);
INSERT INTO notas (id_nota, id_aluno, id_disciplina, nota) VALUES (291, 37, 3, 6.68);
INSERT INTO notas (id_nota, id_aluno, id_disciplina, nota) VALUES (292, 37, 4, 9.63);
INSERT INTO notas (id_nota, id_aluno, id_disciplina, nota) VALUES (293, 37, 5, 4.86);
INSERT INTO notas (id_nota, id_aluno, id_disciplina, nota) VALUES (294, 37, 6, 5.84);
INSERT INTO notas (id_nota, id_aluno, id_disciplina, nota) VALUES (295, 37, 7, 9.43);
INSERT INTO notas (id_nota, id_aluno, id_disciplina, nota) VALUES (296, 37, 8, 7.14);
INSERT INTO notas (id_nota, id_aluno, id_disciplina, nota) VALUES (297, 38, 1, 8.9);
INSERT INTO notas (id_nota, id_aluno, id_disciplina, nota) VALUES (298, 38, 2, 4.95);
INSERT INTO notas (id_nota, id_aluno, id_disciplina, nota) VALUES (299, 38, 3, 7.12);
INSERT INTO notas (id_nota, id_aluno, id_disciplina, nota) VALUES (300, 38, 4, 4.5);
INSERT INTO notas (id_nota, id_aluno, id_disciplina, nota) VALUES (301, 38, 5, 5.82);
INSERT INTO notas (id_nota, id_aluno, id_disciplina, nota) VALUES (302, 38, 6, 6.57);
INSERT INTO notas (id_nota, id_aluno, id_disciplina, nota) VALUES (303, 38, 7, 4.59);
INSERT INTO notas (id_nota, id_aluno, id_disciplina, nota) VALUES (304, 38, 8, 6.79);
INSERT INTO notas (id_nota, id_aluno, id_disciplina, nota) VALUES (305, 39, 1, 5.61);
INSERT INTO notas (id_nota, id_aluno, id_disciplina, nota) VALUES (306, 39, 2, 9.22);
INSERT INTO notas (id_nota, id_aluno, id_disciplina, nota) VALUES (307, 39, 3, 8.2);
INSERT INTO notas (id_nota, id_aluno, id_disciplina, nota) VALUES (308, 39, 4, 4.54);
INSERT INTO notas (id_nota, id_aluno, id_disciplina, nota) VALUES (309, 39, 5, 7.94);
INSERT INTO notas (id_nota, id_aluno, id_disciplina, nota) VALUES (310, 39, 6, 7.74);
INSERT INTO notas (id_nota, id_aluno, id_disciplina, nota) VALUES (311, 39, 7, 8.9);
INSERT INTO notas (id_nota, id_aluno, id_disciplina, nota) VALUES (312, 39, 8, 9.04);
INSERT INTO notas (id_nota, id_aluno, id_disciplina, nota) VALUES (313, 40, 1, 8.9);
INSERT INTO notas (id_nota, id_aluno, id_disciplina, nota) VALUES (314, 40, 2, 7.19);
INSERT INTO notas (id_nota, id_aluno, id_disciplina, nota) VALUES (315, 40, 3, 6.47);
INSERT INTO notas (id_nota, id_aluno, id_disciplina, nota) VALUES (316, 40, 4, 5.25);
INSERT INTO notas (id_nota, id_aluno, id_disciplina, nota) VALUES (317, 40, 5, 8.82);
INSERT INTO notas (id_nota, id_aluno, id_disciplina, nota) VALUES (318, 40, 6, 4.91);
INSERT INTO notas (id_nota, id_aluno, id_disciplina, nota) VALUES (319, 40, 7, 9.09);
INSERT INTO notas (id_nota, id_aluno, id_disciplina, nota) VALUES (320, 40, 8, 9.57);
INSERT INTO notas (id_nota, id_aluno, id_disciplina, nota) VALUES (321, 41, 1, 9.98);
INSERT INTO notas (id_nota, id_aluno, id_disciplina, nota) VALUES (322, 41, 2, 8.75);
INSERT INTO notas (id_nota, id_aluno, id_disciplina, nota) VALUES (323, 41, 3, 5.34);
INSERT INTO notas (id_nota, id_aluno, id_disciplina, nota) VALUES (324, 41, 4, 7.23);
INSERT INTO notas (id_nota, id_aluno, id_disciplina, nota) VALUES (325, 41, 5, 5.58);
INSERT INTO notas (id_nota, id_aluno, id_disciplina, nota) VALUES (326, 41, 6, 5.3);
INSERT INTO notas (id_nota, id_aluno, id_disciplina, nota) VALUES (327, 41, 7, 9.48);
INSERT INTO notas (id_nota, id_aluno, id_disciplina, nota) VALUES (328, 41, 8, 6.82);
INSERT INTO notas (id_nota, id_aluno, id_disciplina, nota) VALUES (329, 42, 1, 9.06);
INSERT INTO notas (id_nota, id_aluno, id_disciplina, nota) VALUES (330, 42, 2, 9.51);
INSERT INTO notas (id_nota, id_aluno, id_disciplina, nota) VALUES (331, 42, 3, 4.86);
INSERT INTO notas (id_nota, id_aluno, id_disciplina, nota) VALUES (332, 42, 4, 5.33);
INSERT INTO notas (id_nota, id_aluno, id_disciplina, nota) VALUES (333, 42, 5, 8.42);
INSERT INTO notas (id_nota, id_aluno, id_disciplina, nota) VALUES (334, 42, 6, 7.1);
INSERT INTO notas (id_nota, id_aluno, id_disciplina, nota) VALUES (335, 42, 7, 7.55);
INSERT INTO notas (id_nota, id_aluno, id_disciplina, nota) VALUES (336, 42, 8, 5.47);
INSERT INTO notas (id_nota, id_aluno, id_disciplina, nota) VALUES (337, 43, 1, 6.69);
INSERT INTO notas (id_nota, id_aluno, id_disciplina, nota) VALUES (338, 43, 2, 9.34);
INSERT INTO notas (id_nota, id_aluno, id_disciplina, nota) VALUES (339, 43, 3, 6.17);
INSERT INTO notas (id_nota, id_aluno, id_disciplina, nota) VALUES (340, 43, 4, 6.36);
INSERT INTO notas (id_nota, id_aluno, id_disciplina, nota) VALUES (341, 43, 5, 5.27);
INSERT INTO notas (id_nota, id_aluno, id_disciplina, nota) VALUES (342, 43, 6, 9.87);
INSERT INTO notas (id_nota, id_aluno, id_disciplina, nota) VALUES (343, 43, 7, 6.37);
INSERT INTO notas (id_nota, id_aluno, id_disciplina, nota) VALUES (344, 43, 8, 5.96);
INSERT INTO notas (id_nota, id_aluno, id_disciplina, nota) VALUES (345, 44, 1, 9.96);
INSERT INTO notas (id_nota, id_aluno, id_disciplina, nota) VALUES (346, 44, 2, 5.85);
INSERT INTO notas (id_nota, id_aluno, id_disciplina, nota) VALUES (347, 44, 3, 7.59);
INSERT INTO notas (id_nota, id_aluno, id_disciplina, nota) VALUES (348, 44, 4, 7.31);
INSERT INTO notas (id_nota, id_aluno, id_disciplina, nota) VALUES (349, 44, 5, 6.69);
INSERT INTO notas (id_nota, id_aluno, id_disciplina, nota) VALUES (350, 44, 6, 7.1);
INSERT INTO notas (id_nota, id_aluno, id_disciplina, nota) VALUES (351, 44, 7, 8.66);
INSERT INTO notas (id_nota, id_aluno, id_disciplina, nota) VALUES (352, 44, 8, 9.73);
INSERT INTO notas (id_nota, id_aluno, id_disciplina, nota) VALUES (353, 45, 1, 9.69);
INSERT INTO notas (id_nota, id_aluno, id_disciplina, nota) VALUES (354, 45, 2, 7.45);
INSERT INTO notas (id_nota, id_aluno, id_disciplina, nota) VALUES (355, 45, 3, 7.69);
INSERT INTO notas (id_nota, id_aluno, id_disciplina, nota) VALUES (356, 45, 4, 5.43);
INSERT INTO notas (id_nota, id_aluno, id_disciplina, nota) VALUES (357, 45, 5, 9.54);
INSERT INTO notas (id_nota, id_aluno, id_disciplina, nota) VALUES (358, 45, 6, 8.59);
INSERT INTO notas (id_nota, id_aluno, id_disciplina, nota) VALUES (359, 45, 7, 7.27);
INSERT INTO notas (id_nota, id_aluno, id_disciplina, nota) VALUES (360, 45, 8, 4.84);
INSERT INTO notas (id_nota, id_aluno, id_disciplina, nota) VALUES (361, 46, 1, 8.25);
INSERT INTO notas (id_nota, id_aluno, id_disciplina, nota) VALUES (362, 46, 2, 6.01);
INSERT INTO notas (id_nota, id_aluno, id_disciplina, nota) VALUES (363, 46, 3, 5.7);
INSERT INTO notas (id_nota, id_aluno, id_disciplina, nota) VALUES (364, 46, 4, 9.06);
INSERT INTO notas (id_nota, id_aluno, id_disciplina, nota) VALUES (365, 46, 5, 6.74);
INSERT INTO notas (id_nota, id_aluno, id_disciplina, nota) VALUES (366, 46, 6, 5.11);
INSERT INTO notas (id_nota, id_aluno, id_disciplina, nota) VALUES (367, 46, 7, 6.82);
INSERT INTO notas (id_nota, id_aluno, id_disciplina, nota) VALUES (368, 46, 8, 8.56);
INSERT INTO notas (id_nota, id_aluno, id_disciplina, nota) VALUES (369, 47, 1, 6.21);
INSERT INTO notas (id_nota, id_aluno, id_disciplina, nota) VALUES (370, 47, 2, 5.88);
INSERT INTO notas (id_nota, id_aluno, id_disciplina, nota) VALUES (371, 47, 3, 5.46);
INSERT INTO notas (id_nota, id_aluno, id_disciplina, nota) VALUES (372, 47, 4, 9.18);
INSERT INTO notas (id_nota, id_aluno, id_disciplina, nota) VALUES (373, 47, 5, 7.01);
INSERT INTO notas (id_nota, id_aluno, id_disciplina, nota) VALUES (374, 47, 6, 6.34);
INSERT INTO notas (id_nota, id_aluno, id_disciplina, nota) VALUES (375, 47, 7, 9.06);
INSERT INTO notas (id_nota, id_aluno, id_disciplina, nota) VALUES (376, 47, 8, 9.49);
INSERT INTO notas (id_nota, id_aluno, id_disciplina, nota) VALUES (377, 48, 1, 9.96);
INSERT INTO notas (id_nota, id_aluno, id_disciplina, nota) VALUES (378, 48, 2, 6.33);
INSERT INTO notas (id_nota, id_aluno, id_disciplina, nota) VALUES (379, 48, 3, 9.63);
INSERT INTO notas (id_nota, id_aluno, id_disciplina, nota) VALUES (380, 48, 4, 8.78);
INSERT INTO notas (id_nota, id_aluno, id_disciplina, nota) VALUES (381, 48, 5, 6.32);
INSERT INTO notas (id_nota, id_aluno, id_disciplina, nota) VALUES (382, 48, 6, 8.92);
INSERT INTO notas (id_nota, id_aluno, id_disciplina, nota) VALUES (383, 48, 7, 6.36);
INSERT INTO notas (id_nota, id_aluno, id_disciplina, nota) VALUES (384, 48, 8, 5.45);
INSERT INTO notas (id_nota, id_aluno, id_disciplina, nota) VALUES (385, 49, 1, 9.66);
INSERT INTO notas (id_nota, id_aluno, id_disciplina, nota) VALUES (386, 49, 2, 7.42);
INSERT INTO notas (id_nota, id_aluno, id_disciplina, nota) VALUES (387, 49, 3, 4.39);
INSERT INTO notas (id_nota, id_aluno, id_disciplina, nota) VALUES (388, 49, 4, 6.36);
INSERT INTO notas (id_nota, id_aluno, id_disciplina, nota) VALUES (389, 49, 5, 8.4);
INSERT INTO notas (id_nota, id_aluno, id_disciplina, nota) VALUES (390, 49, 6, 4.03);
INSERT INTO notas (id_nota, id_aluno, id_disciplina, nota) VALUES (391, 49, 7, 9.67);
INSERT INTO notas (id_nota, id_aluno, id_disciplina, nota) VALUES (392, 49, 8, 6.5);
INSERT INTO notas (id_nota, id_aluno, id_disciplina, nota) VALUES (393, 50, 1, 4.47);
INSERT INTO notas (id_nota, id_aluno, id_disciplina, nota) VALUES (394, 50, 2, 9.61);
INSERT INTO notas (id_nota, id_aluno, id_disciplina, nota) VALUES (395, 50, 3, 5.74);
INSERT INTO notas (id_nota, id_aluno, id_disciplina, nota) VALUES (396, 50, 4, 8.31);
INSERT INTO notas (id_nota, id_aluno, id_disciplina, nota) VALUES (397, 50, 5, 7.56);
INSERT INTO notas (id_nota, id_aluno, id_disciplina, nota) VALUES (398, 50, 6, 9.33);
INSERT INTO notas (id_nota, id_aluno, id_disciplina, nota) VALUES (399, 50, 7, 9.67);
INSERT INTO notas (id_nota, id_aluno, id_disciplina, nota) VALUES (400, 50, 8, 8.99);
